{
  "project_info": {
    "project_number": "461521448521",
    "project_id": "personal-budget-750fc",
    "storage_bucket": "personal-budget-750fc.firebasestorage.app"
  },
  "client": [
    {
      "client_info": {
        "mobilesdk_app_id": "1:461521448521:android:a863f5a136b6fd43829998",
        "android_client_info": {
          "package_name": "com.example.itbudget"
        }
      },
      "oauth_client": [],
      "api_key": [
        {
          "current_key": "AIzaSyD2ds1EHjNO5qqD_WUyrpSPDNRZOJDZheo"
        }
      ],
      "services": {
        "appinvite_service": {
          "other_platform_oauth_client": []
        }
      }
    },
    {
      "client_info": {
        "mobilesdk_app_id": "1:461521448521:android:e0fb58572fd8fff2829998",
        "android_client_info": {
          "package_name": "com.example.personalbudget"
        }
      },
      "oauth_client": [],
      "api_key": [
        {
          "current_key": "AIzaSyD2ds1EHjNO5qqD_WUyrpSPDNRZOJDZheo"
        }
      ],
      "services": {
        "appinvite_service": {
          "other_platform_oauth_client": []
        }
      }
    }
  ],
  "configuration_version": "1"
}